,creativity,originality,problem_solving,research_aptitude,invention_thinking,pattern_recognition,risk_taking,innovation_score
count,24.0,24.0,24.0,24.0,24.0,24.0,24.0,24.0
mean,76.45833333333333,67.0,68.625,70.16666666666667,73.16666666666667,68.66666666666667,65.45833333333333,70.04166666666667
std,14.334449737445881,13.474613812325174,14.120021246442938,17.229062067046627,13.69438687506885,19.962283276799486,16.239991343611603,6.334715714884591
min,50.0,46.0,47.0,40.0,46.0,37.0,36.0,59.0
25%,66.25,55.0,55.0,57.5,62.0,56.5,57.75,64.0
50%,79.0,68.0,70.0,75.5,76.0,67.5,67.5,71.0
75%,88.75,75.0,79.5,84.25,81.5,81.75,77.0,72.25
max,95.0,95.0,90.0,95.0,93.0,100.0,93.0,86.0
